Dropbox,/Volumes/OSx/Users/sagar/Desktop/Dropbox
bash-tools,/Volumes/OSx/Users/sagar/bash-tools
Classes,/Volumes/OSx/Users/sagar/Desktop/Dropbox/Classes
UPennDev,/Volumes/OSx/Users/sagar/Documents/UPennDev
CIS-Classes,/Volumes/OSx/Users/sagar/Documents/CIS-Classes
TAing,/Volumes/OSx/Users/sagar/Documents/TAing
StartUp,/Volumes/OSx/Users/sagar/Desktop/Dropbox/StartUp
dgltoolkit,/Volumes/OSx/Users/sagar/Documents/COSY/cosy_master/dgltoolkit
gltoolkit,/Volumes/OSx/Users/sagar/Documents/COSY/cosy_master/gltoolkit
agltoolkit,/Volumes/OSx/Users/sagar/Documents/COSY/cosy_master/agltoolkit
